Jr. Cloud Administrator 2,NORTHROP GRUMMAN,,2017-04-16 22:46:29 -0400,featureId4812223e1a3f747e01559abd66ce1306,4812223e1a3f747e01559abd66ce1306,"Annapolis Junction, MD"
Junior Information Security Analyst,General Dynamics Information Technology,,2017-04-17 07:46:29 -0400,featureIdc9f1f86d89d22391ec8602af2688f2d0,c9f1f86d89d22391ec8602af2688f2d0,"Lanham, MD"
Jr. Systems Engineer,CGI,,2017-04-17 04:46:29 -0400,featureId9cf8d128a0787c2e0d6d3206c19e63de,9cf8d128a0787c2e0d6d3206c19e63de,"Fairfax, VA"
Junior Linux Engineer TS/SCI Required,General Dynamics Information Technology,,2017-04-17 07:46:29 -0400,featureId0de5b05b4f72d8984f253ed628b7c78a,0de5b05b4f72d8984f253ed628b7c78a,"Chantilly, VA"
Junior DevOps Engineer,ASM Research,,2017-04-17 16:46:29 -0400,featureId9b867d62ba3bc65878abe4b9d9eaccc1,9b867d62ba3bc65878abe4b9d9eaccc1,"Chantilly, VA"
Jr. Web Developer,Net ESolutions Corporation (NETE),,2017-04-17 17:15:29 -0400,featureId5b888a7b9f97176f316e847dca1c65e9,5b888a7b9f97176f316e847dca1c65e9,"Mclean, VA"
Jr. Cloud Administrator 2,NORTHROP GRUMMAN,,2017-04-16 22:47:51 -0400,featureId4812223e1a3f747e01559abd66ce1306,4812223e1a3f747e01559abd66ce1306,"Annapolis Junction, MD"
Junior Information Security Analyst,General Dynamics Information Technology,,2017-04-17 07:47:51 -0400,featureIdc9f1f86d89d22391ec8602af2688f2d0,c9f1f86d89d22391ec8602af2688f2d0,"Lanham, MD"
Jr. Systems Engineer,CGI,,2017-04-17 04:47:51 -0400,featureId9cf8d128a0787c2e0d6d3206c19e63de,9cf8d128a0787c2e0d6d3206c19e63de,"Fairfax, VA"
Junior Linux Engineer TS/SCI Required,General Dynamics Information Technology,,2017-04-17 07:47:51 -0400,featureId0de5b05b4f72d8984f253ed628b7c78a,0de5b05b4f72d8984f253ed628b7c78a,"Chantilly, VA"
Junior DevOps Engineer,ASM Research,,2017-04-17 16:47:51 -0400,featureId9b867d62ba3bc65878abe4b9d9eaccc1,9b867d62ba3bc65878abe4b9d9eaccc1,"Chantilly, VA"
Jr. Web Developer,Net ESolutions Corporation (NETE),,2017-04-17 17:15:51 -0400,featureId5b888a7b9f97176f316e847dca1c65e9,5b888a7b9f97176f316e847dca1c65e9,"Mclean, VA"
