Job title,Company name,Location,Posting Date,Link to Post,Company ID,Job Id
Full Stack Web Developer,Bradsby Group,"Bozeman, MT",2015-02-10T04:01:52+00:00,http://www.dice.com/job/result/10112074/862113,10112074,862113
"Mobile Web Developer - Mobile Development, Android, iOS",CyberCoders,"Bozeman, MT",,https://www.dice.com/jobs/detail/Mobile-Web-Developer-%26%2345-Mobile-Development%2C-Android%2C-iOS-CyberCoders-Bozeman-MT-59715/cybercod/BS1-116600022,cybercod,BS1-116600022
ASP.Net Sr./Lead Developr,WaterStreet Company,"Bigfork, MT",2015-02-10T04:01:54+00:00,https://www.dice.com/jobs/detail/ASP.Net-Sr.%26%2347Lead-Developr-WaterStreet-Company-Bigfork-MT-59911/RTL59632/917388,RTL59632,917388
"Java Developer - ecommerce, Java, UI Development",CyberCoders,"Whitefish, MT",,https://www.dice.com/jobs/detail/Java-Developer-%26%2345-ecommerce%2C-Java%2C-UI-Development-CyberCoders-Whitefish-MT-59937/cybercod/CK1-11897721,cybercod,CK1-11897721
.NET Developer (college grads welcome to apply!),CyberCoders,"Belgrade, MT",,https://www.dice.com/jobs/detail/.NET-Developer-%28college-grads-welcome-to-apply%21%29-CyberCoders-Belgrade-MT-59714/cybercod/BS1-11826258,cybercod,BS1-11826258
Java developer,"Ardent Technologies, Inc.","Helena, MT",2015-01-21T04:01:56+00:00,https://www.dice.com/jobs/detail/Java-developer-Ardent-Technologies%2C-Inc.-Helena-MT-59601/10118059/890008,10118059,890008
"Sr. Android Developer - Java, Relo to Montana",CyberCoders,"Billings, MT",,https://www.dice.com/jobs/detail/Sr.-Android-Developer-%26%2345-Java%2C-Relo-to-Montana-CyberCoders-Billings-MT-59101/cybercod/SCE-11778256,cybercod,SCE-11778256
Client Services Engineer--Remote Only!,CyberCoders,"Helena, MT",,https://www.dice.com/jobs/detail/Client-Services-Engineer%26%2345%26%2345Remote-Only%21-CyberCoders-Helena-MT-59601/cybercod/CO1-11797102,cybercod,CO1-11797102
Linux / WebSphere System Administrator,Arthur Lawrence,"Deer Lodge, MT",,http://www.dice.com/job/result/10207147/BHJOB5917_1283,10207147,BHJOB5917_1283
Software Engineer,SoFi Inc.,"Helena, MT",2015-01-28T04:01:59+00:00,https://www.dice.com/jobs/detail/Software-Engineer-SoFi-Inc.-Helena-MT-59601/10522162S/MT-1,10522162S,MT-1
Software Quality Assurance Professional,TEKsystems,"Kalispell, MT",,http://www.dice.com/job/result/10105424/5179582-762,10105424,5179582-762
"Software Quality Assurance - In Kalispell, Montana",TEKsystems,"Helena, MT",,http://www.dice.com/job/result/10105424/5179549-754,10105424,5179549-754
