Web Developer,"","San Jose, CA","["""", ""San Jose, CA""]",https://www.dice.com/jobs/detail/Web-Developer-Robert-Half-Technology-San-Jose-CA-95113/rhalfint/00420-9900517?icid=sr1-1p&q=web developer&l=San Jose
Web Developer,"","San Jose, CA","["""", ""San Jose, CA""]",https://www.dice.com/jobs/detail/Web-Developer-Robert-Half-Technology-San-Jose-CA-95032/rhalfint/00420-141523?icid=sr2-1p&q=web developer&l=San Jose
Python/Web Developer,"","San Jose, CA","["""", ""San Jose, CA""]",https://www.dice.com/jobs/detail/Python%26%2347Web-Developer-Innovative-Logic-Inc.-San-Jose-CA-95110/10195273/572787?icid=sr3-1p&q=web developer&l=San Jose
Tableau and Web Developer,"","San Jose, CA","["""", ""San Jose, CA""]",https://www.dice.com/jobs/detail/Tableau-and-Web-Developer-Collabera-San-Jose-CA-95131/10208346Q/71_38573_TWD?icid=sr4-1p&q=web developer&l=San Jose
Web Performance Engineer,"","San Jose, CA","["""", ""San Jose, CA""]",https://www.dice.com/jobs/detail/Web-Performance-Engineer-Bebee-Affinity-Social-Network-San-Jose-CA-95002/90940991/BBA000014267212?icid=sr5-1p&q=web developer&l=San Jose
Web Developer,"","San Jose, CA","["""", ""San Jose, CA""]",https://www.dice.com/jobs/detail/Web-Developer-Robert-Half-Technology-San-Jose-CA-95113/rhalfint/00420-9900517?icid=sr1-1p&q=web developer&l=San Jose
Web Developer,"","San Jose, CA","["""", ""San Jose, CA""]",https://www.dice.com/jobs/detail/Web-Developer-Robert-Half-Technology-San-Jose-CA-95032/rhalfint/00420-141523?icid=sr2-1p&q=web developer&l=San Jose
Python/Web Developer,"","San Jose, CA","["""", ""San Jose, CA""]",https://www.dice.com/jobs/detail/Python%26%2347Web-Developer-Innovative-Logic-Inc.-San-Jose-CA-95110/10195273/572787?icid=sr3-1p&q=web developer&l=San Jose
Tableau and Web Developer,"","San Jose, CA","["""", ""San Jose, CA""]",https://www.dice.com/jobs/detail/Tableau-and-Web-Developer-Collabera-San-Jose-CA-95131/10208346Q/71_38573_TWD?icid=sr4-1p&q=web developer&l=San Jose
Web Performance Engineer,"","San Jose, CA","["""", ""San Jose, CA""]",https://www.dice.com/jobs/detail/Web-Performance-Engineer-Bebee-Affinity-Social-Network-San-Jose-CA-95002/90940991/BBA000014267212?icid=sr5-1p&q=web developer&l=San Jose
